trajectory_id,all_inventory,behavior_cohort,artifact_ready,objective_ready,strategy_ready,strategy_outcome_ready,matched_cell
00d12f1fbd8996f34d75,True,True,True,True,True,True,True
011f845d1ff07c53f848,True,True,True,True,True,True,True
016546b4c3aa0dcedeef,True,True,True,True,True,True,True
01747fad9b0212908cb8,True,True,False,True,True,False,True
018632f9db83dc24aad2,True,True,True,True,True,True,True
018f37fa6e420f8abf9c,True,True,True,True,True,True,True
01b2ef1928cc75093f72,True,True,True,False,False,False,True
01d23585705e59058368,True,True,True,True,True,True,True
01ed5927a18f10b998ab,True,True,True,False,False,False,True
0215fef30908bf5786ea,True,True,True,True,True,True,True
021c6caa5d6572da04d2,True,True,True,True,True,True,True
0295e24f5d185a738443,True,True,True,False,False,False,True
02d0aadf338d7152f2ef,True,True,True,True,True,True,True
0306527d11d104b6deb7,True,True,True,True,True,True,True
031681cc3a2946dfc835,True,True,True,False,False,False,True
031fcf3cb2fb2f43a2be,True,True,True,True,True,True,True
03428354093b558a9415,True,True,True,True,True,True,True
0369e9c49b3eb4ee7460,True,True,True,False,False,False,True
037d89890984b6e409d5,True,True,True,False,False,False,True
037efcb850453a6244ee,True,True,True,False,False,False,True
03999a2854501e6beebf,True,True,True,True,True,True,True
03a7a26aedc84d88dc4d,True,True,True,False,False,False,True
048bfd58d8387aae7a8c,True,True,True,True,True,True,True
048d98e1b7458ccc9254,True,True,True,True,True,True,True
049e5f94a0884ab91f16,True,True,True,True,True,True,True
04aa35b16ed1eaaca1d2,True,True,False,False,False,False,True
04fbc96d48aa578aa9c8,True,True,False,False,False,False,True
053524a6088e3c6e73d8,True,False,False,False,False,False,True
0579d139caf39eeaeee6,True,True,True,True,True,True,True
05b1cc18a04d67f52da5,True,True,False,True,True,True,True
05ca3d7d77274a382fa4,True,True,True,False,False,False,True
05f8978191590b6ff4d1,True,True,True,False,False,False,True
0632a2e4c55da7022896,True,True,True,True,True,True,True
0635e6c5ba98bffa144d,True,True,True,True,True,True,True
0664071cffdb27cc6a12,True,True,True,False,False,False,True
0665da121a9929fc365a,True,True,False,False,False,False,True
069e1474b6c3b7970574,True,True,True,False,False,False,True
06a66e167e625c4f3a4f,True,True,True,True,True,True,True
06ba0734432a7330db85,True,True,True,True,True,True,True
070110124f87fc4215ac,True,True,True,True,True,True,True
074d4605ea32af3d25e8,True,True,True,True,True,True,True
0788f765ef31ddc6f4c4,True,True,True,True,True,True,True
08043ec869c37d57b97e,True,True,True,True,True,True,True
081cfe31e8bfbaad14a8,True,True,False,True,True,False,True
087a88c4de2aa0ad0385,True,True,True,False,False,False,True
087f6bf444cf1e24be2a,True,True,False,False,False,False,True
0890fb881164390c667a,True,True,False,False,False,False,True
089d14642e64da486bee,True,True,True,True,True,True,True
08a3dad0074ff02553b6,True,True,True,False,False,False,True
08cb6a94dc0244ebde6d,True,True,True,False,False,False,True
08da6f0da7bdd0fc9db8,True,True,True,True,True,True,True
08f29c2a2bd9a881b68a,True,True,True,True,True,True,True
096767d5edd2add1ddfa,True,True,False,False,False,False,True
09a2146fc8d28abfdfd8,True,True,True,True,True,True,True
09c12aebda24ef2496f8,True,True,False,True,True,False,True
0a241529c675e3345ca5,True,True,True,False,False,False,True
0a277c646bc21c43b7e4,True,True,False,False,False,False,True
0a5b9a38c0cfd16eb605,True,True,False,False,False,False,True
0a5ddc868e65b74eefc1,True,True,False,False,False,False,True
0a6e8a575ee6312d5a09,True,True,False,True,True,True,True
0af4240f36b8f9488f4c,True,True,True,True,True,True,True
0b5693b636b9b0e9b5c3,True,True,True,True,True,True,True
0b824bbd1a941d69a803,True,True,True,False,False,False,True
0ba3a5451da69ef137b8,True,True,False,False,False,False,True
0bb0fb75debce63e57c5,True,True,False,True,True,False,True
0bd461564e978cb8854b,True,True,True,True,True,True,True
0be1ad8f0a04e0c1b3ee,True,True,True,False,False,False,True
0bf62bf2a6cb4739e1e6,True,True,True,False,False,False,True
0c24b9400491ee31c634,True,True,False,True,True,True,True
0c305e4e80b84297fbb8,True,True,False,True,True,False,True
0c3f473e4ea6a10d4b6a,True,True,True,False,False,False,True
0c4255f9fc1ab9772160,True,True,True,True,True,True,True
0c52eee5ceaf53c1dd02,True,True,False,False,False,False,True
0c92b8f7b9687d4be480,True,True,False,False,False,False,True
0cb75043a804d5c104dc,True,True,True,False,False,False,True
0ce450163f6f90ac302e,True,True,True,False,False,False,True
0d76bcd33493a5c7ba49,True,True,False,True,True,True,True
0d86204082e7be081c15,True,False,False,False,False,False,True
0d95ce06cde316d3f9a0,True,True,True,False,False,False,True
0db9426c5f85f6a08426,True,True,True,True,True,True,True
0dc3d88d142c1aaaa2d8,True,False,False,False,False,False,True
0ddeb462f17a59822dcf,True,True,False,True,True,False,True
0de1ea66b869e93e6437,True,True,True,True,True,True,True
0e0e3cee3543429af591,True,True,True,False,False,False,True
0e1956fb8c6d1756be54,True,True,False,True,True,False,True
0e209ebe3a87810a997d,True,True,True,False,False,False,True
0eea69cb50c97789ecee,True,True,True,True,True,True,True
0f0ebbd5971d76fd9f7e,True,True,True,False,False,False,True
0f17fd2c639fbb4dd818,True,True,False,True,True,True,True
0f21e179a609a3e5c66f,True,True,True,True,True,True,True
0f520cfb7b32ac4079c2,True,True,True,False,False,False,True
0f56df26cfa3a3b8b23c,True,True,True,False,False,False,True
0f720d314afb72110bb0,True,True,True,False,False,False,True
0fd8433b744dd0345d08,True,True,False,False,False,False,True
1025f7aad885c9c93201,True,True,True,True,True,True,True
10685a12782e68ac3593,True,True,True,False,False,False,True
10a1043f63ab85582feb,True,True,True,False,False,False,True
10baf4ac810ca47c51f5,True,True,True,False,False,False,True
10e35756ef6651f9eefa,True,True,True,True,True,True,True
1183da0fd8d2bace29ae,True,True,True,False,False,False,True
119973d537eaa8b6de66,True,True,True,False,False,False,True
11be89c83d9c4288888f,True,True,True,True,True,True,True
11c6193ff232cea1eb67,True,True,True,True,True,True,True
125ec72fa9803f151c79,True,True,True,False,False,False,True
12975d1b4be251b880c2,True,True,True,True,True,True,True
129b81da9b85ec32c22c,True,True,True,True,True,True,True
12c1c6124a2d8add11f1,True,True,True,False,False,False,True
12ffb817b71a3ca4cec2,True,True,True,True,True,True,True
13064499b96f832ec644,True,True,False,True,True,True,True
130da32f5b119eccd812,True,True,True,True,True,True,True
137b89257c722a927d43,True,True,True,False,False,False,True
139b311348d1d1df1fd4,True,True,True,True,True,True,True
13c967f619d57c4ef6e4,True,True,True,True,True,True,True
13cea2f3881f79955813,True,True,True,True,True,True,True
13e29eda0d004a4a9ed5,True,True,False,False,False,False,True
13e2cd69e8041eae492e,True,True,True,False,False,False,True
13ee7931c9fd1ebe3b55,True,True,True,False,False,False,True
140617048baa1fd78bd8,True,True,True,True,True,True,True
1441f3c6be649b426bac,True,True,True,True,True,True,True
144294cd96bf05046166,True,True,True,True,True,True,True
144d93ed701663b0e03a,True,True,False,True,True,False,True
146d5e93910260af39c9,True,True,True,False,False,False,True
147a88548c10a2cec366,True,True,True,True,True,True,True
149cfe8abaa8db140603,True,True,True,False,False,False,True
14a5ac082e17255de74e,True,True,True,True,True,True,True
151cd816478cd8262db4,True,False,False,False,False,False,True
157ef258cd5e88b66b77,True,True,True,False,False,False,True
158ae981b6fc18e94e5a,True,True,True,False,False,False,True
15e30b902e1fb06480e8,True,True,True,False,False,False,True
1623259615f39e6837c8,True,True,False,False,False,False,True
1646323ad9e8aa98587a,True,True,True,False,False,False,True
1666e69fb190e8c7c17c,True,True,True,True,True,True,True
16846cafbf01a3b55a2b,True,True,True,True,True,True,True
16e92231001773ad054e,True,True,True,False,False,False,True
16f4547e0cf9a37bb2dc,True,True,False,True,True,False,True
1724a9c2639d820b2ed5,True,True,False,False,False,False,True
1759a35966200210a4e7,True,True,True,True,True,True,True
17bc3a3492427a88a016,True,True,True,True,True,True,True
17cb77b54d25c64c4436,True,True,True,False,False,False,True
1818ed1fc70bfaedc6da,True,True,True,False,False,False,True
1843e9d73184e2aaad8c,True,True,True,True,True,True,True
185ac8a3130b42b91951,True,True,True,True,True,True,True
188881433c04acf6ff4b,True,True,True,True,True,True,True
1896ebaa22acc39cf624,True,True,True,True,True,True,True
18bf4fbc0082c77ba99c,True,True,True,False,False,False,True
18d6f042d0146c4a961a,True,True,False,False,False,False,True
192e04a755c46a63c654,True,True,True,True,True,True,True
1944f3f055f54e4621df,True,True,True,False,False,False,True
1961e49b3ddeb2cb65e6,True,True,True,True,True,True,True
19b308b56a1447c1d6ee,True,True,True,False,False,False,True
1a2c8c03b46664d10ad9,True,False,False,False,False,False,True
1adc6d2b181cbbc82428,True,True,True,False,False,False,True
1afa81f82257c9a29d13,True,True,False,True,True,False,True
1b0590c94b269d010942,True,True,True,False,False,False,True
1b44c2f29c96b653fdf4,True,True,True,True,True,True,True
1b5478a9ba4bdcd1afbc,True,True,True,True,True,True,True
1b65d2d72bf4a8cc5778,True,True,True,True,True,True,True
1b6bdb2a1899a4134c8d,True,True,True,True,True,True,True
1b7b314ceb25f56c238c,True,True,True,True,True,True,True
1b92db9fe1cb74e697f9,True,True,True,False,False,False,True
1b994b82dbd5d401331c,True,True,True,False,False,False,True
1bd35f03a89418f178b4,True,True,True,True,True,True,True
1c45c5a163fe69bf0319,True,True,False,False,False,False,True
1ca4f6414888192e7caf,True,True,True,True,True,True,True
1d7415c886d603900f33,True,True,True,True,True,True,True
1d85daefb6e5cd952a78,True,True,True,True,True,True,True
1d96e5892a80b7225388,True,True,False,True,True,False,True
1d9f898ffc8fe7d82959,True,True,True,False,False,False,True
1dc631befa025591b7e1,True,True,True,True,True,True,True
1e3e199ed5689a2a44cd,True,False,False,False,False,False,True
1e3e84eee7d08f18ab75,True,True,True,True,True,True,True
1e664ab69c0c4f13426e,True,True,False,False,False,False,True
1e85aa2cbccadd87bd7c,True,True,True,True,True,True,True
1eca4dd469ff1cbc93ed,True,True,True,False,False,False,True
1fb4bef7b7080792f8c0,True,True,True,True,True,True,True
1feb730cea652171e558,True,True,True,True,True,True,True
1fff43fc8b25447babc6,True,True,True,False,False,False,True
2006da413acb65536687,True,True,False,True,True,False,True
2047382993351fa5658f,True,True,True,True,True,True,True
2071b1f592ed74f074da,True,True,True,True,True,True,True
20ac8278feeb0248a0c7,True,True,True,True,True,True,True
21676c90421c21d1ca23,True,True,True,True,True,True,True
217e89fd85fc585c72be,True,True,False,False,False,False,True
219bd56b052f448e2f5b,True,True,True,True,True,True,True
21bc504213a57fa3c86c,True,True,False,False,False,False,True
21ece40d1649c63099ba,True,True,False,False,False,False,True
2215a763abca3f0d43b9,True,False,False,False,False,False,True
226306fde507fe9205f0,True,True,True,True,True,True,True
2298afec8ce90a749858,True,True,False,True,True,False,True
229ffa62808e27cb0f60,True,True,True,False,False,False,True
22e8139a528acf082b86,True,True,True,True,True,True,True
23392ca46eeb984aa94c,True,True,True,True,True,True,True
2354e591299f62666000,True,True,True,True,True,True,True
23aab6202b178e9a15de,True,True,True,False,False,False,True
2407635a403571bf028e,True,True,False,True,True,False,True
24077d44f6ce074178e1,True,True,False,True,True,True,True
241fe20ed4070a966ceb,True,True,True,True,True,True,True
2432c636e21b66cfd444,True,True,True,True,True,True,True
2452e757ad87258124bd,True,True,True,True,True,True,True
24e4829d7027c20629ff,True,True,True,True,True,True,True
24f1efe22269aadc815c,True,False,False,False,False,False,True
2519fcbf52908ee3ef13,True,True,True,True,True,True,True
25432376bbb2190bddce,True,True,True,True,True,True,True
2569b26991eb1311e7ec,True,True,True,True,True,True,True
257533b49b827068ab29,True,True,True,True,True,True,True
2575a2d9532c1e59736f,True,True,True,False,False,False,True
25b064a88c7a4e965a3a,True,True,True,False,False,False,True
261956a9c7b03563b381,True,True,False,False,False,False,True
2637b7968cefb4013439,True,True,True,False,False,False,True
2698963efc425f6a7a86,True,True,False,True,True,True,True
26d3d69d296d0f2eef48,True,True,True,True,True,True,True
27366adc9ab63ac8479a,True,True,False,True,True,False,True
274adc6398a15336353b,True,True,True,True,True,True,True
2779f9e24ddd6937af03,True,True,True,True,True,True,True
279b9342d4dd917f4a93,True,True,True,False,False,False,True
27ed3d2787476b07e94b,True,True,True,True,True,True,True
28643a034ce4c45a849e,True,True,False,True,True,False,True
2899e0a0c825f59764a5,True,True,True,False,False,False,True
28a5f423c91e226729cf,True,True,True,True,True,True,True
28ab96869ce48ff2d501,True,True,True,True,True,True,True
28eca58ffeed612e6438,True,True,False,True,True,True,True
294cb2ef795ee11b93ba,True,True,True,False,False,False,True
296294d5a2b5c28df094,True,True,True,True,True,True,True
298545e1024694ce6e77,True,True,False,False,False,False,True
29b3cce86173b2d89287,True,True,False,True,True,True,True
29bbd6c61af4715a37a2,True,True,False,True,True,False,True
29eba123c5e106663b68,True,True,False,True,True,False,True
2a2b16830116d356a15f,True,True,False,True,True,False,True
2a52986b46c9c3e57088,True,True,False,True,True,False,True
2a7e17c7ca8dd6bd1095,True,True,True,False,False,False,True
2a862c09e62b4cb2e67f,True,True,False,True,True,False,True
2aeedf08803f4d945bd4,True,True,True,True,True,True,True
2b139e87ef453cd1ee21,True,True,False,True,True,False,True
2b82d72120bbc53b4a07,True,True,True,False,False,False,True
2bd1098868b91f20417b,True,True,True,True,True,True,True
2bd701bb407c6b73fedc,True,True,True,False,False,False,True
2bec1480e340d772af1f,True,True,False,True,True,True,True
2c15a8768f7b6bf1c83e,True,True,True,False,False,False,True
2c372db94795e572b5a4,True,True,False,True,True,True,True
2c5e7ceeddda1fa517de,True,False,False,False,False,False,True
2c6de1f42f7d3f55d104,True,True,True,True,True,True,True
2c7b5095b363797d2746,True,True,True,True,True,True,True
2cd75f43bce6af939cd1,True,True,False,True,True,False,True
2ce2230d2b7ac1f3d9a1,True,True,True,True,True,True,True
2d01fc66df72c89a50d1,True,True,True,False,False,False,True
2d2319d96115d52a5673,True,True,True,False,False,False,True
2db73120a1f23948f250,True,True,True,True,True,True,True
2dcf08b048ff2e6536f4,True,False,False,False,False,False,True
2e2107898d1c8743cac3,True,True,True,True,True,True,True
2e27a9e54c3a316c6bf4,True,True,True,True,True,True,True
2e314c0e892d8ea4914b,True,True,False,True,True,True,True
2e6b61cf488c51ebf418,True,True,True,False,False,False,True
2e714df706213176bbcb,True,True,True,False,False,False,True
2f2d622046c78445dff8,True,True,True,True,True,True,True
2f371882249808def038,True,True,True,True,True,True,True
2f4530d41d3c93069e0a,True,True,True,True,True,True,True
2f98e364d731bf5ec6f2,True,True,True,True,True,True,True
2fad757155b4240a81fb,True,True,True,True,True,True,True
2fe33647b1bd8b4ab58f,True,True,True,False,False,False,True
303f8ad4bc52631a1ced,True,True,True,True,True,True,True
304e16b48ddf6c9b8060,True,True,True,False,False,False,True
30795c6e288c6680c076,True,True,True,False,False,False,True
30c2f89d0e46071c2d53,True,True,True,False,False,False,True
30c3090a4fd1e94f2ee9,True,True,True,False,False,False,True
31792b2eb71456629dc4,True,False,False,False,False,False,True
3185e3b5a7870281a033,True,True,True,True,True,True,True
31de5a86490f62bd3475,True,True,False,False,False,False,True
31e967e24dd106410826,True,True,True,False,False,False,True
322bd054141377c66660,True,True,True,False,False,False,True
329d10ab098b651f847a,True,True,True,True,True,True,True
32f815341552aedc2e78,True,True,False,False,False,False,True
3304425b5b02b9824858,True,True,True,True,True,True,True
332acf8cd27b5efae497,True,True,True,True,True,True,True
332dbeb6f655455ab81a,True,True,True,True,True,True,True
33391f1f83fd1098b792,True,True,True,False,False,False,True
33444a20877e55c7c12a,True,True,True,True,True,True,True
33ad182c5a9b07a9c815,True,True,True,False,False,False,True
33b63e8f0c6ccee27d32,True,True,True,True,True,True,True
33f214166984207d596e,True,True,True,True,True,True,True
346134b7f3feb47b77bb,True,True,True,True,True,True,True
34949aa4fce31dc32ddb,True,True,True,True,True,True,True
34a682d03b22d8ee7b07,True,True,False,False,False,False,True
34b22690dfaf9a219260,True,True,True,True,True,True,True
34b319f827d3fd98789e,True,True,True,False,False,False,True
34fff53c6b3f5b45327a,True,True,False,False,False,False,True
351cba23cf76c61d870f,True,True,True,True,True,True,True
35298e43519c9b681bcc,True,True,True,True,True,True,True
35780baf95ca8a7e9227,True,True,True,True,True,True,True
358056c8de48c8b0baae,True,True,True,False,False,False,True
358cab549e52f47f27d8,True,True,True,False,False,False,True
359e7da1e81fe01f30f1,True,True,True,False,False,False,True
35a2a1b718b8759bad79,True,False,False,False,False,False,True
35de1bec0f3f6feb8007,True,True,True,True,True,True,True
35e9a7677b1fc473d2db,True,True,True,True,True,True,True
36ce6cc2a84b1b60d3d1,True,True,True,True,True,True,True
36cf40aee7e22d25efae,True,True,False,True,True,False,True
36d744c8c15065a4b551,True,True,False,True,True,False,True
36f367a36e66c89d7a09,True,True,True,True,True,True,True
3782a08646e73aceb0c1,True,True,True,True,True,True,True
379749201abb294a7800,True,True,True,True,True,True,True
380801b180905882142e,True,True,True,False,False,False,True
388737494674666c5965,True,True,False,False,False,False,True
38f41ffd3dfec9c1c173,True,True,True,True,True,True,True
3911d1bbf4a588c37ea2,True,True,True,True,True,True,True
3953151fad97006a4d65,True,True,True,True,True,True,True
397f23dc87a7fe5c83dd,True,True,True,True,True,True,True
39847304edf63c3e02d3,True,True,True,False,False,False,True
39d188e93a960900507d,True,True,True,True,True,True,True
39d4f17950cbcfd60393,True,True,True,False,False,False,True
39e27889ece5f7817a2c,True,True,True,True,True,True,True
39e7d0bfd5edc51a5385,True,True,True,False,False,False,True
39ea5bef2ddfdde93f8f,True,True,True,True,True,True,True
3ad4974e0b3ebb62e981,True,True,True,False,False,False,True
3b0a14de5d35bb44abf3,True,True,True,True,True,True,True
3b31fb3f2c5bac69ec12,True,True,True,False,False,False,True
3b73bec0524284cb9d5d,True,True,False,True,True,False,True
3bbd2dc70d1847593040,True,False,False,False,False,False,True
3be6f328c3e9b3865fa2,True,True,True,False,False,False,True
3c44629f039eb7e5456d,True,True,True,False,False,False,True
3c492bd39883b196ac36,True,True,True,False,False,False,True
3cb03ab0e47a2565ae9e,True,True,False,False,False,False,True
3d6eab36b0097cd30849,True,True,False,True,True,False,True
3d8df943f62b714e915f,True,True,True,False,False,False,True
3dbe3ce28a1c05044fb2,True,True,False,True,True,True,True
3ded2b4a972f1c84cacb,True,True,True,True,True,True,True
3e97600b77d8f9e0393f,True,True,True,True,True,True,True
3ea9a217c30933ce8b03,True,True,True,True,True,True,True
3eb7d62346eb4e6d71d7,True,True,True,False,False,False,True
3efcc4d16e2116b15343,True,True,True,False,False,False,True
3f39cd0fdb45b4274579,True,True,True,False,False,False,True
3fa66d9b51a8ed1e316e,True,True,True,True,True,True,True
3fa816af5ceb3b834769,True,True,False,True,True,False,True
3fd3ea0ba59a8679ee77,True,True,True,True,True,True,True
3ff7a06027e41e591208,True,True,False,True,True,False,True
405b43c86173ce80587f,True,True,True,True,True,True,True
40b936a5d4f049ffe440,True,True,True,True,True,True,True
40cac1383faba92072d7,True,True,True,True,True,True,True
415aa8fb1691764a10a3,True,True,True,True,True,True,True
41868f3e3505e12147d9,True,True,False,True,True,False,True
419671b9f85dd1a8e988,True,True,True,False,False,False,True
41aeac98805806a96051,True,True,True,True,True,True,True
41cd9a5c18c39a2d52bc,True,True,True,False,False,False,True
423a03812b824af420d3,True,True,False,False,False,False,True
4254277e577ee521261b,True,True,True,False,False,False,True
42633fe092fe622e037a,True,True,True,False,False,False,True
42ae8a1255aaa639a006,True,True,True,True,True,True,True
42f1bc03c01a3d2239a1,True,True,True,False,False,False,True
432f9d7af067b8b13ac9,True,True,True,True,True,True,True
437be1f22e5c39ce83ed,True,True,False,False,False,False,True
43bff00d6eaa00b82488,True,True,False,False,False,False,True
43f7310a0bc357708eff,True,True,True,True,True,True,True
4429f19ff6c57fb4614b,True,True,False,True,True,True,True
4440ac9451cd259a239d,True,True,True,True,True,True,True
4456378db2a9a27ea4dc,True,True,True,False,False,False,True
44b2d7dc0195d87a37e8,True,True,True,False,False,False,True
44d53bd77a089086b42b,True,True,True,True,True,True,True
4550ce39cf463cf6c835,True,True,True,True,True,True,True
45a1ce2adda0faee87a7,True,True,False,True,True,False,True
45dd80cfcf0b458980a3,True,True,True,True,True,True,True
45fc2ed3ba316ca804b9,True,True,False,True,True,False,True
4600f69c69707d284e3a,True,True,True,False,False,False,True
4624eea688e2f6ea0f6f,True,True,True,True,True,True,True
462cc3445381ee6db7b4,True,True,False,True,True,False,True
46a821e3a4fe12de1dcc,True,True,True,True,True,True,True
46db8949bece9a1cf706,True,False,False,False,False,False,True
46f3e3990f90d2c8c457,True,True,True,False,False,False,True
471147dd4a5e1975f4f7,True,True,True,False,False,False,True
4736c48faa0652296d3f,True,True,True,False,False,False,True
476f19ef75b77ac05dec,True,True,False,False,False,False,True
4771dd354930c6d916cb,True,True,True,True,True,True,True
47a7873c8f432ecde700,True,True,True,True,True,True,True
47f770322c0b9afbc496,True,True,True,True,True,True,True
4857384ac1facaadff6c,True,True,False,True,True,True,True
48b6e6fa0f9363af5353,True,True,False,True,True,False,True
48b9753d08580d3913a7,True,True,False,True,True,False,True
48ccf2b137ccdb89c51e,True,True,False,False,False,False,True
4931ee0afadab09f601e,True,True,True,False,False,False,True
493ebb3f39685961402e,True,True,True,True,True,True,True
49716f8ce5551e5b55cd,True,True,False,False,False,False,True
49d8b87aa6c783431c4c,True,True,True,False,False,False,True
4a0073026633543f0327,True,True,True,True,True,True,True
4a6ec0a04ad64fdcc263,True,True,True,False,False,False,True
4a7db8cbbaf41da65dfb,True,True,True,True,True,True,True
4a80d272e6761ae97f2e,True,True,True,True,True,True,True
4a8a7929448f4993ecba,True,True,True,True,True,True,True
4aa3d06147ce1e64c20b,True,True,True,False,False,False,True
4ab4d8e9b4fc0c5506a9,True,True,True,True,True,True,True
4ad2ebeab4d432819bf3,True,True,True,False,False,False,True
4b18598f20ab63e9c601,True,True,False,False,False,False,True
4b554c979af79ab9badb,True,True,True,False,False,False,True
4b674e0968a498431bca,True,True,False,False,False,False,True
4b9372c13dc8c502c87f,True,True,True,True,True,True,True
4bebf88b343c749c6c30,True,True,True,True,True,True,True
4c4d5fa5649130ab22f7,True,True,True,False,False,False,True
4c5baba3a85ba1be4d74,True,True,False,False,False,False,True
4c616d45142996ac416d,True,True,True,False,False,False,True
4c68977cd592d5e5e5f9,True,True,True,True,True,True,True
4ccf5acf2c0dce095fd3,True,True,True,True,True,True,True
4cf4a67434ee066c9079,True,True,True,False,False,False,True
4cfe36a119f8324c8913,True,True,True,True,True,True,True
4d0f7a19e14a983d3e12,True,True,True,True,True,True,True
4d2d7c0b364fc2241ff7,True,True,True,False,False,False,True
4d60763f5ec22ed9415e,True,True,True,False,False,False,True
4daa9a3d0d587f0471f2,True,True,True,True,True,True,True
4df8c7a5708335baeb07,True,False,False,False,False,False,True
4e0167fd66f43ff48a64,True,True,True,True,True,True,True
4e651f71132978723cbf,True,True,True,True,True,True,True
4ea305180988aba85700,True,True,False,True,True,False,True
4f8ebad49e488cdd05de,True,True,False,False,False,False,True
4fe92e39718721ffc7cc,True,True,True,True,True,True,True
50060b4241f68a2444ea,True,True,True,True,True,True,True
500aa905a3ca3c2370c6,True,True,True,False,False,False,True
500f9a1e9abbd3ecf8af,True,True,True,True,True,True,True
504896301214bbc36dff,True,True,True,True,True,True,True
50645e1aa0a4cd3b3b80,True,True,True,True,True,True,True
50c64287b6a3efb8d308,True,True,True,True,True,True,True
50e779f340a3d0b741db,True,True,True,True,True,True,True
50ebb347008b27fb775b,True,True,True,False,False,False,True
510bcf4b2a8f125ff4b5,True,True,False,False,False,False,True
5125a68a6614c17be6a9,True,True,True,True,True,True,True
51c5215234df1e9a0f42,True,True,True,False,False,False,True
5349e7d3593f6c2f4959,True,True,False,False,False,False,True
5394c8e845b7041620f3,True,True,True,False,False,False,True
5395849f2a63e16144c7,True,True,False,False,False,False,True
53c61e8dac225774cd6b,True,True,True,False,False,False,True
541205aa265cbefce074,True,True,True,True,True,True,True
5418936dffe6445a776d,True,True,True,True,True,True,True
5426eaad86c9eb9e91f7,True,True,True,True,True,True,True
5429e206cd377bad6a59,True,True,True,True,True,True,True
545db9e6abe9b438ce1c,True,True,True,True,True,True,True
5487bbe51a2411f5f4d3,True,False,False,False,False,False,True
548d7282902ce94ab96a,True,True,False,False,False,False,True
54a1486c22f66aa9e5c3,True,True,True,False,False,False,True
54aba2d11cfb42af92a5,True,True,True,True,True,True,True
54b4e4f743da40b00c2b,True,True,False,False,False,False,True
54cc9cf7c048d3b06691,True,True,False,False,False,False,True
552cc5129a67cb9dcf7f,True,True,True,True,True,True,True
55606be2bdf889785f00,True,True,False,True,True,False,True
558533b52b2b76102d80,True,True,False,True,True,True,True
55c6f199926d5ff911b9,True,True,True,True,True,True,True
55e6c9a4eeab4d1a0343,True,True,True,True,True,True,True
5633966fbeda0059d737,True,True,True,False,False,False,True
5652f74a69bf8a62321f,True,True,False,True,True,False,True
567d505800229f6a7d07,True,True,True,False,False,False,True
56aaf1b06f464b9be700,True,True,True,False,False,False,True
56c070de828f545480be,True,True,True,True,True,True,True
56dbd89cc5e361148bfd,True,True,False,True,True,False,True
57c8086b6941e80337db,True,True,True,True,True,True,True
57ed9aefd6e2e12dcb38,True,True,False,False,False,False,True
582e2377d340a2b031a5,True,True,True,False,False,False,True
58527d7c338de1bc6a64,True,True,True,True,True,True,True
58aff92f5d3ee930bcd3,True,True,True,False,False,False,True
58cad5d055e5923d11c8,True,True,False,False,False,False,True
58daff66f1f0cc30e73e,True,True,True,True,True,True,True
5914e4c91f1bba9a21c8,True,True,True,True,True,True,True
59151c09e7e27c475dc4,True,True,True,True,True,True,True
59d5c2ed901aef93425c,True,True,True,False,False,False,True
5a08e2d910b7ca591353,True,True,True,True,True,True,True
5a1980166d4db574743e,True,True,True,True,True,True,True
5a345aaa16670105b113,True,True,True,True,True,True,True
5a4c17aa0f4f4a7b6ba5,True,True,False,True,True,False,True
5a4f95bae0c8fdca449c,True,True,False,False,False,False,True
5a867bd590ead9dd5000,True,True,False,False,False,False,True
5ae95f24576316f08a18,True,True,True,False,False,False,True
5b368204918a2956c7e5,True,True,True,False,False,False,True
5b382339a0fdf69a3a6f,True,True,False,False,False,False,True
5bb3153bdb039332da1f,True,True,True,True,True,True,True
5bdd202f63d0f320def5,True,True,False,True,True,False,True
5be54ffda0fa8da1bfe2,True,True,True,False,False,False,True
5c0fc48ae3197f6a6147,True,True,True,True,True,True,True
5c19e1c262b52683ac05,True,True,True,False,False,False,True
5ca84abfa4c319e37677,True,True,True,True,True,True,True
5ceff13c370d66a84f8a,True,True,True,False,False,False,True
5cf89e69fe017bae6429,True,True,True,True,True,True,True
5d1159b0e67052284ca2,True,True,True,False,False,False,True
5d3bd4d079cea807b7aa,True,True,True,True,True,True,True
5d3c708b5effa7aed5ce,True,True,True,False,False,False,True
5d426e36a31fb11e541a,True,True,True,False,False,False,True
5d9426314ae246db955a,True,True,True,True,True,True,True
5dade8a7841f5506dfff,True,True,True,True,True,True,True
5e4cef53533bf5c772cd,True,True,True,True,True,True,True
5e5e57f79046ae97f205,True,True,True,False,False,False,True
5ee771346aaad4669455,True,True,False,False,False,False,True
5f4b22de72d0fbaa3319,True,True,True,False,False,False,True
5f70059b65999d865ccd,True,True,False,True,True,False,True
5f9032aa3695fbc260d8,True,True,True,True,True,True,True
5fb6eca04fdd45de90cd,True,True,True,False,False,False,True
60904922b08c2e4486da,True,True,True,True,True,True,True
60d47bb4d4d9b12881e5,True,True,True,True,True,True,True
6116e02c4624df6ebe36,True,True,True,True,True,True,True
61375ba1b3689a711e14,True,True,True,True,True,True,True
61766900b50070189c1e,True,True,True,True,True,True,True
618db9e5568ce082c3e3,True,True,False,True,True,False,True
620e48dd6de091998c3d,True,True,False,False,False,False,True
6291d6b79e4ff0a5e49d,True,True,True,True,True,True,True
62cd923707dfcc2af4aa,True,True,True,True,True,True,True
62deb54b9f6702da13cf,True,True,True,True,True,True,True
63269043a9df416e2883,True,True,True,True,True,True,True
6362b21ffe9d7c6f6819,True,True,False,False,False,False,True
63a0848633675ca9d371,True,True,True,False,False,False,True
63afe75c01ffea104b84,True,True,True,False,False,False,True
63dc5ea5289ffb3cfbb9,True,True,True,True,True,True,True
640c955312a9baa950db,True,True,True,True,True,True,True
64320056ef6e0992bce0,True,True,False,True,True,True,True
64515a40d0e342b9956e,True,True,False,False,False,False,True
64bca3224fec896d80dd,True,True,True,False,False,False,True
64cc6906c471f0f76f43,True,True,False,True,True,False,True
6511eb64c7133c4c7911,True,True,True,True,True,True,True
655a20a6c7eabeec4730,True,True,True,True,True,True,True
657021b6abcdcee8a70c,True,True,True,False,False,False,True
65db71a363aa5b5d602e,True,True,True,True,True,True,True
65f4c53f46c1f36edc6c,True,False,False,False,False,False,True
6643cc4d886c1feae3ea,True,True,True,False,False,False,True
66737cdbc8b007783d91,True,True,True,True,True,True,True
668d2be822271de34544,True,False,False,False,False,False,True
6695c81af3a4fc04f9d2,True,True,True,True,True,True,True
66ac4922276ec51c99a2,True,True,True,False,False,False,True
6723494faf2e236e5b19,True,True,False,True,True,False,True
672879d667b5b713841e,True,True,True,True,True,True,True
67485eca2bc747403851,True,True,True,True,True,True,True
679c150feb619bd7704f,True,True,False,True,True,False,True
67ac50d9fb2e60160913,True,True,True,False,False,False,True
67e44b0dbd3a622aada7,True,True,False,True,True,False,True
681867e178459284b281,True,True,True,True,True,True,True
681dc0db9a3f9e66139d,True,True,True,False,False,False,True
68677c75511b0edb542e,True,True,True,True,True,True,True
68bffd2d10aefdd0c151,True,True,False,True,True,False,True
690c4363c4b5f45496df,True,True,False,True,True,False,True
6920c788c8c816cdb8f2,True,True,True,False,False,False,True
6937cf2611dde33751a6,True,True,True,True,True,True,True
69602b6696a437222179,True,True,True,False,False,False,True
697897420f2c4a63354e,True,True,True,True,True,True,True
6978b5cf8019cfaaa2a4,True,True,True,True,True,True,True
698046d02f15349a60a8,True,False,False,False,False,False,True
6a09f2b2760fdbb3d3ad,True,True,True,False,False,False,True
6a3e57e46a8a567a81ab,True,True,True,True,True,True,True
6a922fae3c5f083af6a8,True,True,True,True,True,True,True
6a9e03930f2ee581fb3a,True,True,True,True,True,True,True
6aafe7baf0230adabcfb,True,True,True,True,True,True,True
6b3ba38bf3e5f94e7328,True,True,True,False,False,False,True
6b41aee1c17063be0feb,True,False,False,False,False,False,True
6b5612aba90336d23a8b,True,True,True,False,False,False,True
6b7e26ace32dfddc4d7d,True,True,True,False,False,False,True
6bf4aaf8c96a156bb84a,True,True,True,True,True,True,True
6c25f36d869d019e7196,True,True,True,True,True,True,True
6c31a0b2e3bea154e55c,True,True,True,True,True,True,True
6c4c222bb16822219e19,True,True,True,False,False,False,True
6c7946397bbd328d1d09,True,True,False,True,True,False,True
6c879fa84cac6a745eed,True,False,False,False,False,False,True
6c916ca643aa1565a2b8,True,True,False,True,True,False,True
6d1d70b7f18aec684fc9,True,True,True,True,True,True,True
6da03a3b7129fa1f65e9,True,True,True,True,True,True,True
6dabe99e39fcffa3da23,True,True,True,True,True,True,True
6dac478cab90e7ccf1c5,True,True,True,False,False,False,True
6dc752d14a497d764ae7,True,True,False,True,True,False,True
6dcb4f914d48e6c16b49,True,True,True,False,False,False,True
6e3011a4a9feb69664d6,True,True,False,False,False,False,True
6e5a4f110f106ba950b6,True,True,False,False,False,False,True
6e92f7cbb77cea51b802,True,True,True,True,True,True,True
6ea80538c5cbcc03d333,True,True,False,True,True,False,True
6eec020af617ce14faf9,True,True,True,True,True,True,True
6efee0c6c79776a65789,True,True,False,False,False,False,True
6f3c5f349d59b6ad47d0,True,True,True,False,False,False,True
6f50a34efbda243ab37b,True,True,True,False,False,False,True
6f50e1f3f6aa90b3562a,True,True,False,True,True,False,True
6f7473fb88b981598587,True,True,True,True,True,True,True
6fc0a07aca83a3858820,True,True,True,False,False,False,True
6ff384fecb03a62e06bc,True,True,True,True,True,True,True
700c08cc0719b7ee137b,True,True,True,True,True,True,True
700dce5d083579f875a6,True,True,True,True,True,True,True
702d0271791a89d3daef,True,True,True,False,False,False,True
706db52032608f4a11ad,True,True,True,False,False,False,True
707df013f54fdfb0f162,True,True,False,True,True,False,True
707fa235b5a109802c7b,True,True,True,False,False,False,True
70a72c383d26cc598895,True,True,True,False,False,False,True
70ababb4890fa8dcea24,True,True,False,True,True,False,True
70bffd8d8fd63367d44b,True,False,False,False,False,False,True
7139d3650f6474090787,True,True,True,True,True,True,True
715efad96adf7b22dda0,True,True,True,True,True,True,True
71a86d8e54ee512bef53,True,True,True,True,True,True,True
720db188b01c939f7c8e,True,True,True,True,True,True,True
7268b05465bbd86c7e25,True,True,False,False,False,False,True
73078d0ff2075c564004,True,True,True,False,False,False,True
73252f4b99bde8dff962,True,True,True,False,False,False,True
7342418a94c1c882d374,True,True,False,True,True,False,True
736cc5f9abcf4a809c42,True,True,True,True,True,True,True
73992632226a65b7ef87,True,True,True,True,True,True,True
73b00efd40818deb580c,True,True,True,True,True,True,True
73c72b5a19b32b494988,True,True,True,True,True,True,True
7495acd9933ea453d617,True,True,True,False,False,False,True
74f65f48f7dddf01737f,True,True,True,False,False,False,True
74ffbcf212129ec57262,True,True,True,True,True,True,True
7549345e0817452e7997,True,True,False,True,True,False,True
75836ae8fe602a964a2b,True,True,True,True,True,True,True
759d16d4be027f559f35,True,True,True,False,False,False,True
75d25e895c9d11469df7,True,True,True,False,False,False,True
762196215dc50c8ba194,True,True,True,True,True,True,True
762639e2a5b5a88bd93e,True,True,True,False,False,False,True
762cc0c6dbd51c01506a,True,True,False,True,True,True,True
7713e1797be85d0ef736,True,True,True,True,True,True,True
77363476d08e8e9b3bbb,True,True,True,False,False,False,True
77367d7698a91f38a017,True,True,False,True,True,False,True
7778d260b52157ed892e,True,True,True,True,True,True,True
7780a45a030e0f914263,True,True,True,False,False,False,True
77900e77ee3916c28d01,True,True,True,True,True,True,True
77b138a802186086e58d,True,True,True,True,True,True,True
77c8c6d06a207827f913,True,True,False,False,False,False,True
780b4646a877b8bd124e,True,True,True,True,True,True,True
783db3f12cb2df53c083,True,True,False,False,False,False,True
7854a3fc81f512b49a21,True,True,True,False,False,False,True
786d2f96019c7c5d08b0,True,True,True,False,False,False,True
78cba363c63688d5353f,True,True,True,False,False,False,True
7910325e7d7e1a72f6cb,True,True,True,True,True,True,True
792a1c8e07e113a752c0,True,True,True,False,False,False,True
792b20f6d0989997c0c9,True,True,True,False,False,False,True
7943a0e4a638ca25db4f,True,True,False,False,False,False,True
795f2954bbd9ea48bd7a,True,True,True,False,False,False,True
79602b977d71b31010af,True,True,True,True,True,True,True
7962b58c2d4a9856207f,True,True,False,False,False,False,True
7982d3ff360ceff67b4c,True,True,True,True,True,True,True
79bdc064015f0d74a904,True,True,False,True,True,False,True
79e58ca9533954b09a42,True,True,True,False,False,False,True
79e614f6496226c0e7f7,True,True,True,True,True,True,True
79f9cf99db6eed04de30,True,True,True,False,False,False,True
7a1ca17ab3bd97536ee5,True,True,True,True,True,True,True
7a94150bf5ce26eb9a8f,True,True,True,True,True,True,True
7b0bfb0bce2aab23fd39,True,True,False,True,True,False,True
7b13b88beca0e5d2caae,True,True,True,False,False,False,True
7b81e2c18eecf05e008d,True,True,True,True,True,True,True
7c2a1d1942627e9d229b,True,True,True,True,True,True,True
7cebc3042daa3488968e,True,True,True,False,False,False,True
7d16eb1032f104d84d44,True,True,True,False,False,False,True
7d9fceb230f69703466f,True,True,False,True,True,False,True
7e2e380466d84546c1f6,True,True,True,True,True,True,True
7eb7fb7ac30f1c60648d,True,True,True,True,True,True,True
7ee2bf400900f6182dfc,True,True,False,True,True,True,True
7f1d1f3164915fc4893b,True,True,False,False,False,False,True
7f5064b9c7c84735c79c,True,True,True,False,False,False,True
7fe49c22f08a993712d8,True,True,False,False,False,False,True
80088b199b1377176962,True,True,True,True,True,True,True
80215767ce5431fb5f9f,True,True,True,False,False,False,True
8038f6231e0e4d45bf89,True,True,True,True,True,True,True
806b57adccc2a2df0482,True,True,True,True,True,True,True
807973d06a3d7aa99eda,True,False,False,False,False,False,True
80827044475ee91c4fd5,True,True,True,True,True,True,True
80a509087ec7f2e90292,True,True,False,True,True,False,True
80bd79171d036cd6d211,True,True,True,False,False,False,True
80e2171124e171bc93fc,True,True,False,True,True,False,True
80eae126b9b56cba5e5b,True,True,True,False,False,False,True
819232be3e8e2e215549,True,True,True,True,True,True,True
81a93f411799d2581c23,True,True,True,False,False,False,True
81f8330c3070a54a384f,True,True,False,True,True,False,True
8226f786f9bad5f57535,True,True,True,True,True,True,True
8230734f01fdbab5c7f2,True,True,True,True,True,True,True
8240b474c8f13df491f9,True,True,True,False,False,False,True
8268482d554fe6a61fee,True,True,True,False,False,False,True
82cf31468ef6400f9096,True,True,True,True,True,True,True
8316b7493077cd08ddf3,True,True,False,False,False,False,True
8323d3a7ebbaade90755,True,True,True,True,True,True,True
83487f81133d1ebf1a9a,True,True,True,False,False,False,True
835aeef87456732ee680,True,True,True,True,True,True,True
83940ba9199c3de65eb5,True,True,True,False,False,False,True
844100b83f388de20817,True,True,True,True,True,True,True
84683fea3dcb1ebcb89a,True,True,True,True,True,True,True
84aa194b65fbe39e6157,True,True,False,False,False,False,True
84d6207c8395202d818d,True,True,True,True,True,True,True
84e153f6fec644a065a4,True,True,False,False,False,False,True
851e5afc72102dd75f07,True,True,True,True,True,True,True
860ceacdf1c5761bc063,True,True,False,True,True,False,True
867918c5f81a05f4a1af,True,True,True,True,True,True,True
868045e6ad608dfa17d5,True,True,True,True,True,True,True
86af2c618e4a9f379bee,True,True,False,True,True,False,True
86b9a260ab501f0fb16b,True,True,False,True,True,True,True
86fc7c693a8377aaed60,True,True,True,True,True,True,True
87612f1040dbedd5ac0b,True,True,True,False,False,False,True
8773b637718f31a3ea38,True,True,True,True,True,True,True
87a4ec9bcfcbdd098187,True,True,False,True,True,False,True
87ab5ddd74d8e71bbd8c,True,True,True,True,True,True,True
87e033c47715aaecd5d4,True,True,True,False,False,False,True
87ebc5211b0f8d8712e9,True,True,False,True,True,True,True
8800c42444f786e1244e,True,True,False,False,False,False,True
8814193635db70d40181,True,True,True,False,False,False,True
88753986209a5605b69a,True,True,False,True,True,False,True
8888790438c367f6c481,True,True,True,True,True,True,True
88dde2502981c8747ab5,True,True,True,True,True,True,True
8910f1cf94315028268e,True,True,True,True,True,True,True
89659be7f16a5b02168d,True,True,True,True,True,True,True
898bc23263663afd9c1d,True,True,True,True,True,True,True
89ab4cc55ee0acfc839b,True,True,True,True,True,True,True
89b4db30e3db071ac4b2,True,True,True,True,True,True,True
89c6bdf5a1c5ceff9862,True,True,False,False,False,False,True
89d352622d28af5da25b,True,True,True,False,False,False,True
8a0f85e3dd664bdf5bad,True,False,False,False,False,False,True
8a4169cd39d23ccda409,True,True,True,False,False,False,True
8a4751f3ec29a32cdf90,True,True,True,True,True,True,True
8a4c0cae61b2aef40975,True,False,False,False,False,False,True
8ae0b21182ad29eb5478,True,True,True,True,True,True,True
8b463e90e9415d2aa324,True,True,False,False,False,False,True
8ba37b7dd5d188550698,True,True,False,False,False,False,True
8c02bacefddc915856e4,True,True,True,False,False,False,True
8c1937eff8593dc98c32,True,True,True,True,True,True,True
8c48398cc3aa84cc6a05,True,True,True,True,True,True,True
8c4cb1bcdc15c825d251,True,True,True,True,True,True,True
8c9912606eb45eaa43ad,True,True,True,True,True,True,True
8ca63fd24901c1e1520e,True,True,True,False,False,False,True
8d0834c410f5de0b6430,True,True,True,True,True,True,True
8d368f253e0b4768fe39,True,True,True,False,False,False,True
8d39109a608c09102685,True,True,True,True,True,True,True
8d7c5da67a3fcf71813f,True,True,True,True,True,True,True
8db010365ea0ab1d4693,True,True,True,True,True,True,True
8dcaa5fe04ed1713a403,True,True,True,True,True,True,True
8de813c0c1f3defb4817,True,True,False,True,True,False,True
8e27ac7bd1dcd2268e75,True,True,True,True,True,True,True
8e37b0dc5a2fd06f65d8,True,True,True,True,True,True,True
8ec271ed5fcfc61bbfa8,True,True,True,True,True,True,True
8ecd2ac65a8c23420f9d,True,True,True,True,True,True,True
8f2eafaba2796224a4ce,True,True,True,True,True,True,True
8f3e0247d92004c5a800,True,True,True,True,True,True,True
8f8526f1f2e491164837,True,True,True,True,True,True,True
8f9831c7ff88d221992e,True,True,True,True,True,True,True
8f9b3531da337e5ac4d6,True,True,True,True,True,True,True
8fb8e7003414737b501f,True,True,False,False,False,False,True
8fbb07556def186339c2,True,True,True,False,False,False,True
902b27c31c84ed1bde14,True,True,True,True,True,True,True
90741c8d08d9749137da,True,True,True,True,True,True,True
909d1ec782a112dab8b1,True,True,True,True,True,True,True
90ba14ad7ce5dbe4f9ea,True,True,True,True,True,True,True
90fca6ed08f95fcc1e62,True,True,True,False,False,False,True
911fdac6e0b575700541,True,True,True,False,False,False,True
912e85a8410d4689b70a,True,True,True,False,False,False,True
913ba30e0d2698ddc304,True,True,False,True,True,False,True
9142b2d330bdd382c5fb,True,True,True,True,True,True,True
925f083ec9cbfa9216c1,True,False,False,False,False,False,True
927e5f00feb167549167,True,True,True,True,True,True,True
928a7619eeef5ce05c7b,True,True,True,False,False,False,True
92a925e234a6eeea26f8,True,True,False,True,True,False,True
92ac8545c70cb1bb8df4,True,True,False,True,True,False,True
92c16e8eba92996ceca2,True,True,True,True,True,True,True
92c64c97e11481530984,True,True,True,False,False,False,True
938ffc053a4f07cab090,True,True,False,False,False,False,True
93cca4acbfbbde85d909,True,True,True,True,True,True,True
94119b167306d4fc1c74,True,True,True,False,False,False,True
942080da85e682bb20a5,True,True,False,False,False,False,True
94a8fb5ba5d6e5e4722b,True,True,True,False,False,False,True
94ad337af267786f0b64,True,True,False,True,True,True,True
94bd279621f8ab7a0a53,True,True,True,True,True,True,True
94f796fd5700d4e93863,True,True,True,False,False,False,True
95209ba813e88e802e21,True,True,False,False,False,False,True
95b75ef48a9d2ede0441,True,True,True,False,False,False,True
95b9ef52d1473ff76fb7,True,True,True,False,False,False,True
9620daec748e86cfa822,True,True,True,False,False,False,True
96596d52f14e5b6681b9,True,True,True,True,True,True,True
96bf32c3eb51742c1f4c,True,True,True,False,False,False,True
97280729fce3a0941d58,True,True,True,False,False,False,True
972aa2bf490266d38972,True,True,True,False,False,False,True
9733ce447764fb4ce4d2,True,True,True,False,False,False,True
97376e96cb7a50f401a9,True,True,True,True,True,True,True
9737befe1d53069400f6,True,True,True,True,True,True,True
980fee4eaa26215750cd,True,True,True,False,False,False,True
98376d435d1c008bcb9d,True,True,True,False,False,False,True
983c149f141c66576489,True,True,False,False,False,False,True
98b1304c79369f791a75,True,True,True,True,True,True,True
98c04d79b80d9450d4e8,True,True,True,False,False,False,True
98c76494757d4e18daef,True,True,True,True,True,True,True
990a90a4131237283b6f,True,True,True,True,True,True,True
990fc3cdadedd90a1127,True,True,False,True,True,True,True
99584b5fc63822d70321,True,True,True,False,False,False,True
995a3fcb8d934aea01e3,True,True,True,True,True,True,True
9977d22d9a7bf433078d,True,True,False,True,True,False,True
99930216cf13cb3e60c7,True,True,True,True,True,True,True
99c2dd6640d271b1db63,True,True,True,True,True,True,True
99d2398a6e4c2e24fc9c,True,False,False,False,False,False,True
99d4fd816d0fa5e44197,True,True,True,True,True,True,True
9a10326c3e59af22a851,True,True,True,True,True,True,True
9a30c6bec096ff82c61f,True,True,True,False,False,False,True
9a68b28c2f4108e28447,True,True,True,True,True,True,True
9a881b1facba00bf6d74,True,True,True,True,True,True,True
9aa548edea0c338b58ae,True,True,True,True,True,True,True
9af02a4a311543f03b10,True,True,False,True,True,True,True
9b8e5a185f3bfc1a1855,True,True,False,True,True,False,True
9bb778b69374b2f73c02,True,True,False,False,False,False,True
9bd4b720a4238e38376e,True,True,False,True,True,False,True
9c02a8827d47d6980bd9,True,True,True,True,True,True,True
9c395af0cb8b7be8edbd,True,True,True,False,False,False,True
9c9668139fe4cbc9911e,True,True,True,False,False,False,True
9cf40d80101cf15bea49,True,True,True,True,True,True,True
9d0d7b5bb3330f8a4c10,True,True,False,True,True,False,True
9d3d3c9a1955af2ee61b,True,True,True,True,True,True,True
9d59951fbee0a6a23002,True,True,False,True,True,False,True
9d706562c3e16c967d17,True,True,False,False,False,False,True
9d72c2a2bae19fc3ba73,True,True,True,True,True,True,True
9dd0f415572f67cc109a,True,True,True,False,False,False,True
9defee26bdc6bd41fcd3,True,True,True,True,True,True,True
9e0ad3aa6f994d8bc0b9,True,True,True,True,True,True,True
9e638f3553fc95be0250,True,True,True,False,False,False,True
9e6487b9215d4cc80188,True,True,False,True,True,False,True
9ed0b40437e24713d9bd,True,True,True,True,True,True,True
9f1c9470631843932c21,True,True,True,True,True,True,True
9f37c4036a151eb8a630,True,True,True,True,True,True,True
9f58d3de737f4c9b5418,True,True,True,True,True,True,True
a01a372145f5f2e5a3a7,True,True,True,True,True,True,True
a030e6bfbb946f3d7648,True,True,True,True,True,True,True
a044ae10711fcd634bf6,True,True,True,True,True,True,True
a050d8ec646ab1ecd4c4,True,True,True,True,True,True,True
a0bbcb741dd4ae4c02a2,True,True,False,True,True,False,True
a0d73ce6b87feed3d035,True,True,False,True,True,False,True
a0f929f368287a68667b,True,True,True,True,True,True,True
a0fac45350e4a0bca758,True,True,True,False,False,False,True
a10d3a9428fa9e29b76d,True,True,True,True,True,True,True
a127472aeab709a3fee3,True,True,True,True,True,True,True
a17e81ec7c903740de1e,True,True,False,False,False,False,True
a1d3edd1784ea48c054b,True,True,False,False,False,False,True
a1f1ce12381c84e03cd5,True,True,True,False,False,False,True
a2111e195f4932ac5932,True,True,True,True,True,True,True
a23cc6727209333640d4,True,True,True,False,False,False,True
a24fad55c9b1d59ef254,True,True,False,True,True,False,True
a2777ce192467abb8c4d,True,True,True,True,True,True,True
a2792df1345b95eed88c,True,True,True,False,False,False,True
a27fbb3b47c28cb41424,True,True,True,True,True,True,True
a299be74156c8ff21419,True,True,True,False,False,False,True
a29c46dd06d2e8483960,True,True,False,True,True,False,True
a2d62ed31bd5d95de39d,True,True,True,False,False,False,True
a2e7436953900548d57c,True,True,True,True,True,True,True
a2e9c8900cc3a4f7ceeb,True,True,False,True,True,False,True
a3cae5bdd922cbf723be,True,True,True,True,True,True,True
a3d005d480f58ae5647a,True,True,True,True,True,True,True
a3d1b63f872bde035d5c,True,True,False,False,False,False,True
a3f22de8a6c202fbf5ef,True,True,False,True,True,True,True
a3f23d29858c25af5b39,True,True,True,False,False,False,True
a418a20f34e6518c96d1,True,True,True,False,False,False,True
a436c040905e06811516,True,True,True,True,True,True,True
a4507ec40190061140ce,True,True,True,True,True,True,True
a464e30adb424f61aba9,True,True,True,True,True,True,True
a49f8460ec209ff4428d,True,True,True,True,True,True,True
a4de3854c74962747af0,True,True,True,True,True,True,True
a5217b8ea630bc8ee83f,True,True,True,False,False,False,True
a548079a72c0993711da,True,True,True,False,False,False,True
a5794410f9f4aa7a4e9d,True,True,True,False,False,False,True
a5b13e066b53dd539892,True,True,True,True,True,True,True
a5d64c5d6b2d673f7473,True,True,True,True,True,True,True
a5d9eb9b2bfc08ea2e92,True,True,True,True,True,True,True
a61fa09293d4302e07b5,True,True,True,True,True,True,True
a6520313790f97db2506,True,True,True,False,False,False,True
a660551be37e42e44431,True,True,False,False,False,False,True
a6bb9e7a0d9f27c9de35,True,True,True,True,True,True,True
a6de1d800d595f5b877b,True,True,True,True,True,True,True
a6e6762332fac6345303,True,True,True,True,True,True,True
a70a77360b71b6f133b7,True,True,True,False,False,False,True
a7a5641607660474b770,True,True,False,False,False,False,True
a7e26b1e9d59b3ca7844,True,True,True,True,True,True,True
a8619f8ef6deb512670c,True,True,True,True,True,True,True
a870812c88cf525ddfc7,True,True,True,True,True,True,True
a88782bc9d62ae044785,True,True,False,True,True,False,True
a88bb78b900b861bb177,True,True,True,False,False,False,True
a88fdd5a4cdd9db19a00,True,True,False,False,False,False,True
a892a59c5211cf8c2b2c,True,True,False,False,False,False,True
a89a0948f9bed6f0a1fd,True,True,True,False,False,False,True
a8b0cf61b92a801b767e,True,True,True,False,False,False,True
a8cf5fed3f0556b45b30,True,True,True,True,True,True,True
a8e52e8df94f1ff74d69,True,True,False,False,False,False,True
a986b303771d5ba3c21e,True,False,False,False,False,False,True
a9a3857dba61a40ad5dc,True,True,True,True,True,True,True
a9cac75fb3d96c56af70,True,True,False,True,True,False,True
a9e776c4ab86dd2e4c9f,True,True,True,True,True,True,True
a9f0c1ffe22262b5bd3c,True,True,False,True,True,False,True
a9ffad38d243411cd844,True,True,True,True,True,True,True
aa0606268bf511b365a1,True,True,True,True,True,True,True
aa2cea7b2ecaf62bc75b,True,True,True,True,True,True,True
aa43ab4f3bf80f6e5f20,True,True,True,False,False,False,True
aa4494ee57e8e4c29b96,True,True,True,False,False,False,True
aa63c7d388568f79d62e,True,True,True,True,True,True,True
aa83f8463c904fb3c3dd,True,True,True,False,False,False,True
aa8de5b13dc16805db8c,True,True,True,False,False,False,True
aaf3560a86a1b08f2581,True,True,True,True,True,True,True
ab149386e030c03266d7,True,True,True,False,False,False,True
ab2cb8ce9e53f9ab08fd,True,True,True,False,False,False,True
ab53fb0621dbf6cd40c8,True,True,True,False,False,False,True
ab6745d58b385978dbab,True,True,True,True,True,True,True
ab8604802a6fba90c6bc,True,True,False,True,True,False,True
abb2b474c72c87ca7eeb,True,True,True,True,True,True,True
abd46fc42c53f27fde4c,True,True,True,True,True,True,True
abdd0145d9d1b9579ec5,True,True,True,True,True,True,True
abfd55454b4af4d10af7,True,True,True,True,True,True,True
abfe27dbede4e8b11f1f,True,True,False,True,True,False,True
ac04080df81a01ba4f61,True,True,True,False,False,False,True
ac26b69b337eea609b8c,True,True,False,True,True,False,True
ac2cb6226076974e6b34,True,True,True,True,True,True,True
ac482b6963bfa8f1a463,True,True,True,True,True,True,True
ac83369a71eb1c877d20,True,True,False,False,False,False,True
ac9606dbcd89edde6db1,True,True,True,False,False,False,True
ac9fc56fa1edf2f9079f,True,True,True,False,False,False,True
ad3b7afe0f5e8da062d5,True,True,True,True,True,True,True
ad73302b96d1900c6412,True,True,False,True,True,True,True
add53d65e799d8de1859,True,True,True,False,False,False,True
ae0a98d6f59075e968e3,True,True,True,True,True,True,True
ae352deac8a0617c5f1d,True,True,True,False,False,False,True
ae43cf72c8c371ff1e35,True,True,False,True,True,False,True
ae61b8c09247133f866e,True,True,True,True,True,True,True
ae705a9bbcf7392ce5c4,True,True,True,False,False,False,True
ae9a1590aeeb0f6fb061,True,True,True,True,True,True,True
ae9c94e6151ad05df19f,True,True,True,True,True,True,True
af14e05dc6b1718030d9,True,True,True,True,True,True,True
af163f4ed821510ea3e6,True,True,True,False,False,False,True
af3574672582a9767b11,True,True,True,False,False,False,True
af68ee40899a4c975c2d,True,True,True,True,True,True,True
af8baa5000a544e37747,True,True,True,True,True,True,True
af8ff8b572ef3a454917,True,True,True,True,True,True,True
afaed2b4138580e9206e,True,True,True,False,False,False,True
afdb1e90c3673002ad7e,True,True,True,True,True,True,True
afeacd9a2419567c3587,True,False,False,False,False,False,True
b00fc9db95bb924b03cd,True,True,True,True,True,True,True
b01f786a0ad0956bd11f,True,True,True,True,True,True,True
b027a5e0d06f9c771151,True,True,True,False,False,False,True
b029f18a9933c7d53361,True,True,True,True,True,True,True
b14e9193d61bf0d465d1,True,True,True,False,False,False,True
b15053c2a29a9b21f22e,True,True,False,True,True,True,True
b152fc3b295f1b8e39f4,True,True,True,True,True,True,True
b19393a369489c9018ec,True,True,True,True,True,True,True
b194a9e7c82f195e601e,True,True,True,True,True,True,True
b1bf9b4f026e7c116b70,True,True,True,True,True,True,True
b2148eeb10d7965ce94a,True,True,True,True,True,True,True
b25392bb3ad9669cb6ab,True,True,True,False,False,False,True
b2e1d671b32c1fc71c8f,True,True,True,True,True,True,True
b2ecb124afbc70073ae7,True,True,False,True,True,True,True
b3044591cbb101275a90,True,True,True,True,True,True,True
b320a20dba29fc8e95df,True,True,True,True,True,True,True
b351b70ee335ba7f2bc1,True,True,True,True,True,True,True
b42d17a640aae9414673,True,True,True,False,False,False,True
b4f3f81a0d236c1bffa8,True,True,True,True,True,True,True
b502d3731e6245af7c20,True,True,True,False,False,False,True
b509d8885bcc586043b7,True,True,True,False,False,False,True
b5201c32ed667a6ba84a,True,True,False,False,False,False,True
b562115c0d2f4f8dc828,True,True,True,True,True,True,True
b5cbcf047a2faf05695f,True,True,True,True,True,True,True
b5f7c3bd3479f99bbd10,True,True,True,True,True,True,True
b62c47c82401659ce315,True,True,True,False,False,False,True
b6796dccbadd92045fca,True,True,False,True,True,True,True
b68539f8c05206c4da55,True,True,True,False,False,False,True
b70b484793d306b21166,True,True,True,True,True,True,True
b7405e2a2318b4b12363,True,True,True,True,True,True,True
b79b15fa25e094fb43fb,True,True,False,True,True,False,True
b7ac1839ba96a80fb6c9,True,True,True,True,True,True,True
b7bb36196066282d598a,True,True,False,False,False,False,True
b8391732b9f9fd833530,True,True,False,False,False,False,True
b8635438d0c62a76a569,True,True,True,True,True,True,True
b8779e0ce8add2949d89,True,True,True,True,True,True,True
b880dda8624869203028,True,True,False,False,False,False,True
b8d4af3d054526991038,True,True,False,True,True,False,True
b8ea5ff2f30575847540,True,True,True,True,True,True,True
b92219e4b21816f9232a,True,True,True,True,True,True,True
b9a0d72518dbabb8716e,True,True,False,True,True,False,True
ba054d56bd384956a48b,True,True,False,True,True,False,True
ba3072dd6e2d64315052,True,True,False,True,True,False,True
ba41568073e1458cf9f4,True,True,False,True,True,False,True
ba85b3e778c289c4f7e8,True,True,True,False,False,False,True
bacfb573867d5a3bdd10,True,True,True,True,True,True,True
baee8f3fdae49153efb8,True,True,True,True,True,True,True
bb0568b70322a71cca3c,True,True,True,True,True,True,True
bb1c0ea26b0c5bd752b1,True,True,False,True,True,False,True
bb71a6a4daeadffc73a1,True,True,False,True,True,False,True
bb83ef5448fe2baff7e7,True,False,False,False,False,False,True
bb8b3cf4d1f1a1fabf3e,True,True,False,True,True,True,True
bbfd96f658a5511f58c1,True,True,True,True,True,True,True
bc465eaf75bc90cf6e40,True,True,True,True,True,True,True
bc7198571500fcd6cf2c,True,True,True,True,True,True,True
bcbc9c970f6dfedacef1,True,True,True,True,True,True,True
bcc8974e3d4f48a2b0f4,True,True,True,True,True,True,True
bcdec4420eeb2c197cda,True,True,True,True,True,True,True
bd0a7ab48757f53cb148,True,True,True,True,True,True,True
bd145a7bebd406b2d455,True,True,True,True,True,True,True
bd52b8bedd4e42becf1d,True,True,False,True,True,False,True
bda2d6c1a5ebb3060e88,True,True,True,False,False,False,True
bdad25564597649b303b,True,False,False,False,False,False,True
bdbd04bbbc09ddbcddd0,True,True,True,True,True,True,True
bdea25c6e9a78a19bd9d,True,True,True,True,True,True,True
bdfb969d62dac27c290f,True,True,True,False,False,False,True
be64a04d67c23590f40d,True,True,True,True,True,True,True
be68f717b37c4324ed94,True,True,True,True,True,True,True
be6cc784beb3f5ea8d24,True,True,True,True,True,True,True
bebc07f2a9fca5b5b954,True,True,False,True,True,False,True
becd76b9887581d82218,True,True,True,False,False,False,True
bf1caa206c772d9365e7,True,True,True,True,True,True,True
bf374276963c52592220,True,True,True,False,False,False,True
bfa97e5a1dbd208782a8,True,True,True,True,True,True,True
bfbecc36b51fc7d2fbdd,True,True,True,False,False,False,True
bfd319db50e732e4ef12,True,True,True,True,True,True,True
c00cc918d85c6bd0469d,True,True,False,False,False,False,True
c0173ea99af4ecee009a,True,True,True,True,True,True,True
c0ad45314cb2192ea42c,True,True,True,True,True,True,True
c0ee0362fd94d625cda1,True,True,True,False,False,False,True
c1110c1569442b8f5bc3,True,True,True,False,False,False,True
c1344fa5726f07303dd1,True,True,False,True,True,False,True
c1637da851a4a271aeb6,True,True,True,False,False,False,True
c1994f5c9dc312a105a5,True,True,True,True,True,True,True
c1c50ca826734426b6d6,True,True,True,False,False,False,True
c1ccd55909e1dc5481e7,True,True,True,True,True,True,True
c1dde6b7af11c89b97ec,True,False,False,False,False,False,True
c1e95e9ac1c4d5f99465,True,True,False,False,False,False,True
c257f3916c743634d65c,True,True,True,False,False,False,True
c288f348f4d68e673e9e,True,True,True,True,True,True,True
c2a5a7bb9cd0cc8e2f64,True,True,False,True,True,False,True
c2c472719c1a1dd339fd,True,True,True,True,True,True,True
c2edfa6b62e25c66317d,True,True,True,False,False,False,True
c3036179d6248ba5637b,True,True,True,False,False,False,True
c31b15ecef94c08a52b1,True,True,False,True,True,False,True
c37430546ccb4de54898,True,True,True,True,True,True,True
c379a7fe303adb19b6a2,True,True,True,True,True,True,True
c3c31fef82b5712b0329,True,True,False,False,False,False,True
c3d185eab3e78e8245f4,True,True,True,True,True,True,True
c3de83cd5f7a3357399e,True,True,True,True,True,True,True
c3e6becc702e0670d6f6,True,True,True,True,True,True,True
c3f5772bd8a851ca3e4b,True,True,True,False,False,False,True
c3fdabd4d25c14a475a4,True,True,True,False,False,False,True
c40b56a87b6c5bc5858c,True,True,True,True,True,True,True
c47eca0ccc4e225ebe6a,True,False,False,False,False,False,True
c4b4dd465d3511d7dd11,True,True,True,False,False,False,True
c4da5f1559435e09f650,True,True,False,True,True,True,True
c4f6ad127464889465da,True,True,True,True,True,True,True
c51755a751f0aa40ec82,True,True,True,True,True,True,True
c55ecbd7e0f2568cf752,True,True,True,False,False,False,True
c58297d68790f407c3ce,True,True,True,True,True,True,True
c582fd71355562d2ba28,True,True,False,True,True,False,True
c5945cd1a615bed5a9b2,True,True,False,True,True,False,True
c5a27bb113f62aa7c500,True,True,False,False,False,False,True
c5cd7ad797197e3e1081,True,True,True,False,False,False,True
c6209d127d40db491cc8,True,True,True,True,True,True,True
c622ecfbeed38d941175,True,True,True,False,False,False,True
c6405e2d42d75ef3de85,True,True,True,True,True,True,True
c6a53618e40d8d2bf1ba,True,True,True,True,True,True,True
c70a3b770768063cc82e,True,True,True,False,False,False,True
c70fe4e8d63d6c18fe36,True,True,False,False,False,False,True
c77463d07126f780a6ae,True,True,False,False,False,False,True
c7deaf85fac872e850c7,True,True,True,True,True,True,True
c7f18274d5eae161a339,True,True,False,True,True,False,True
c7ff2a60936d7ae971f9,True,True,True,True,True,True,True
c82e73dac29f1e985875,True,True,False,True,True,False,True
c857a6187ccb3f0d868e,True,True,True,False,False,False,True
c8763176f284f5ef9a55,True,True,True,True,True,True,True
c884066058af097bb5cc,True,True,False,False,False,False,True
c8c2d4f8f3b120e3c429,True,True,True,True,True,True,True
c8c860a123171cd35a6d,True,True,True,True,True,True,True
c8fd5fbb5f110a978afb,True,True,True,True,True,True,True
c91d2d0d2293a44a61a0,True,True,False,True,True,False,True
c92715d6498b09655b26,True,True,True,True,True,True,True
c9420795e5440ad342a2,True,True,True,False,False,False,True
c94ab8096eb0bdd39162,True,True,True,True,True,True,True
c9df0c527fdf9044f2ef,True,True,True,True,True,True,True
c9e40ef6d87301db62b6,True,True,True,True,True,True,True
ca22e3135bb9a88c29d2,True,True,True,False,False,False,True
ca44e8a85541428d3cc5,True,True,False,True,True,False,True
ca6d75b69e1786b64e2e,True,True,False,True,True,False,True
cacf6771a66ff83399d6,True,True,True,True,True,True,True
cb37cc82c2aa83045ed0,True,True,False,False,False,False,True
cb61566e5123eaa033fc,True,True,True,True,True,True,True
cb6db2167c84cd760a74,True,True,False,True,True,False,True
cb96abd4d00ac544c5d7,True,True,True,True,True,True,True
cbc4594b2e4eb479231b,True,True,True,True,True,True,True
cbcfc7983f723224d2bf,True,True,True,True,True,True,True
ccf3bf844c6af937b16a,True,True,True,True,True,True,True
cd3ef7b7dbef6577723b,True,True,True,True,True,True,True
cd4c2f08af4a34d34b61,True,True,True,True,True,True,True
cd504370093d5992fb97,True,True,False,True,True,False,True
cd91d96902d64d768da5,True,True,True,False,False,False,True
cdedf3b7cfbc5e4b501a,True,True,True,True,True,True,True
cdf2c2d450efcaa3b668,True,True,False,False,False,False,True
ce55cc16f334499deb0d,True,True,True,True,True,True,True
ce67516f098d63241e48,True,True,False,True,True,False,True
ce933b5e55fba94029a6,True,True,True,True,True,True,True
ce9b4334ad4c3409e970,True,True,False,True,True,False,True
cea28e414801e16baf76,True,True,True,True,True,True,True
cedfbb5837ef23a85f6c,True,True,True,True,True,True,True
cf4300272db576a97417,True,True,True,True,True,True,True
cf5932d62996547c56e2,True,True,True,True,True,True,True
cf7852ab3074b1252339,True,True,True,False,False,False,True
cfdd8de7384656ab6121,True,True,True,True,True,True,True
d0273aeeb8721a58f9a5,True,True,True,True,True,True,True
d0470b46313afb89897b,True,True,False,False,False,False,True
d07afcc9c00c91477dcb,True,True,True,False,False,False,True
d0804b4e2d030990bed5,True,True,True,True,True,True,True
d0d1fba7a6eda6a13d65,True,True,True,False,False,False,True
d0d66e3dee6880ef5874,True,True,False,False,False,False,True
d0defd396f23fc87b067,True,True,True,True,True,True,True
d0ee0a4cbbedc891481a,True,True,True,True,True,True,True
d143a4b18adc021066b9,True,True,False,True,True,False,True
d1629b9eb6499d115d95,True,True,True,True,True,True,True
d19d4db3025c43f47ead,True,True,True,True,True,True,True
d23dae43e52d98d5ea04,True,True,True,False,False,False,True
d255ffac79241cdfbd08,True,True,True,True,True,True,True
d25e8c0fdc55c3e9a368,True,True,False,False,False,False,True
d2611dd875cea661aa4e,True,True,True,False,False,False,True
d2c55d14c6c6f7a863a9,True,True,False,True,True,True,True
d2f675d80e153b0fd774,True,True,True,False,False,False,True
d31d1544c6da66f86697,True,True,False,True,True,True,True
d40acf82aa3637ec7f80,True,True,True,True,True,True,True
d44c0d2eb1982bd64e9f,True,True,True,True,True,True,True
d45afc667c77752fad25,True,True,True,False,False,False,True
d4a6c52f9e39918ce560,True,True,True,True,True,True,True
d4fae16eae537f28cb87,True,True,True,True,True,True,True
d5870044b045fc440849,True,True,True,False,False,False,True
d5b65920962cdbea191e,True,True,True,True,True,True,True
d5b886f73ba4e218b3d2,True,True,False,True,True,False,True
d6148b7020ed973f98fa,True,True,True,False,False,False,True
d69172ec9fcf4e78a203,True,True,True,False,False,False,True
d69289d8420a00ac5aff,True,True,True,True,True,True,True
d69cd6109169ffafc679,True,True,True,False,False,False,True
d73278380cf43d264bf2,True,True,True,False,False,False,True
d743c92a011b010b718f,True,True,True,False,False,False,True
d74917705d48363101de,True,True,True,True,True,True,True
d761ac9d4feb39b475f9,True,True,True,True,True,True,True
d7c7f30a7f50e993cc03,True,True,True,False,False,False,True
d86771e5f2afe44a854e,True,False,False,False,False,False,True
d87a97aca00dba8e13be,True,True,False,True,True,False,True
d8ab9989c0bfc65ea5d3,True,True,True,False,False,False,True
d904f53c6372b679fd4d,True,True,True,True,True,True,True
d91cb8e8bf05e02d4cb2,True,True,True,False,False,False,True
d987aed91b266ddaa80c,True,True,False,False,False,False,True
d999ae8e5a26993eef87,True,True,True,True,True,True,True
da3a1e8014f1a62dbac9,True,True,True,True,True,True,True
da989d9e79fdc21f682e,True,True,True,False,False,False,True
daaf371157d44108cd07,True,True,False,True,True,False,True
dabb39928c3a03affe03,True,True,True,True,True,True,True
dabd17aa601738197f26,True,True,False,True,True,False,True
dad08536b1144ce206f1,True,True,False,False,False,False,True
dadfe2a3a613aef052aa,True,True,False,False,False,False,True
db1b98c06ed7bf944662,True,True,False,False,False,False,True
db1eeb723571b2ee418e,True,True,True,False,False,False,True
db35244ed03845dcb6fd,True,True,True,False,False,False,True
db6582263d766162006c,True,True,True,True,True,True,True
dbc13d0548526ec675bf,True,True,True,True,True,True,True
dbd626039f7d24b145ea,True,True,True,True,True,True,True
dc09452f8b6da66d3bd8,True,True,True,True,True,True,True
dc28e30d942e8b63896a,True,True,True,False,False,False,True
dc38ee5ec99e9a322b95,True,True,False,True,True,False,True
dc8e23c9da4d8ff97c9b,True,True,True,True,True,True,True
dd0175dc11cb84ac4744,True,True,True,True,True,True,True
dd7a76f5e72fa8bdb49a,True,True,True,True,True,True,True
ddadd4c64bc0155ff12d,True,True,True,False,False,False,True
ddc05f29643ea6c26aef,True,True,True,False,False,False,True
ddccb0bc964be0950f96,True,True,True,True,True,True,True
dddebb9964010b68380b,True,True,True,True,True,True,True
de3168aa0c59fecdd925,True,True,True,True,True,True,True
de4b32b42848314d769a,True,True,False,True,True,False,True
de94db7cb856f547ba44,True,True,False,False,False,False,True
dec321a2e3dee6a1075f,True,True,True,True,True,True,True
deca66aef211e7551a2b,True,True,True,True,True,True,True
defd360ebfd3cd10365e,True,True,False,False,False,False,True
defd5576da90ab919f94,True,True,False,True,True,False,True
df40a6660663efb2bec7,True,True,False,True,True,False,True
df756809bdd9fa98b4cd,True,True,True,False,False,False,True
df796e8b5bd43a0dde4c,True,False,False,False,False,False,True
df8636d33fa3070e23fc,True,True,True,False,False,False,True
df954bc4e758f6284ed7,True,True,True,True,True,True,True
dfa625960737bc40d1cd,True,True,True,True,True,True,True
dfe1a63488a00ac93d94,True,True,True,True,True,True,True
dff5743643e6202b1a63,True,True,True,False,False,False,True
dfff79beb1999b015cdc,True,True,False,True,True,True,True
e0631e6d3308abc42097,True,True,True,False,False,False,True
e07934e2241f5b673f23,True,True,True,False,False,False,True
e0afcbfc6610eb6403df,True,True,True,True,True,True,True
e0df01a34fc499dc83e2,True,True,True,False,False,False,True
e16f943be89056f59874,True,True,False,False,False,False,True
e226bc672630df8bf612,True,True,True,False,False,False,True
e22c2569a65f7958e477,True,True,True,True,True,True,True
e241d671fa8669b066d4,True,True,True,True,True,True,True
e2ebe966149930086ddc,True,True,True,False,False,False,True
e31c24cd0f0271ddea74,True,True,False,False,False,False,True
e39eb83a037b82e19780,True,True,True,True,True,True,True
e3bb4e7024fcff8c3339,True,True,False,False,False,False,True
e3ce7b8c6830b51a6162,True,True,True,False,False,False,True
e41526bc3c691f8d1367,True,True,True,True,True,True,True
e47d598fe620a3efa3a5,True,True,True,True,True,True,True
e47f0fb74958074dac6e,True,True,True,True,True,True,True
e49cd0c6909e69fd36d8,True,True,True,True,True,True,True
e4b8abfb24ac72e8cd73,True,True,True,True,True,True,True
e4f70d372d94d3576e04,True,True,True,False,False,False,True
e54a5d420f33cec9b4d4,True,True,True,False,False,False,True
e5547ba9c77e2b7dd61f,True,True,True,False,False,False,True
e57ca9dbbcfe51ebf5d0,True,True,True,True,True,True,True
e5ae48ad77315d6b55e9,True,True,False,False,False,False,True
e5ed6bd2b47b42b80e63,True,True,True,True,True,True,True
e5fa61008b82229bb421,True,True,True,True,True,True,True
e6073b58b9fb9d11db23,True,True,False,False,False,False,True
e615071bd1b732653198,True,True,True,False,False,False,True
e61740b4c116d53ba6e1,True,False,False,False,False,False,True
e645d0dc280a2543bdfd,True,True,False,False,False,False,True
e6687430c91ac66e9dd2,True,True,False,True,True,False,True
e6d0ba15c2e834314613,True,True,True,True,True,True,True
e6d3bd7b7714a1b8850e,True,True,True,False,False,False,True
e6fbd3baf63edf89903f,True,True,True,True,True,True,True
e7011216f37c9873ebd4,True,True,False,True,True,True,True
e71416deff6fac37de88,True,True,False,True,True,False,True
e7694acd94226687bcf9,True,True,False,False,False,False,True
e78b67b769a3a424145f,True,True,True,False,False,False,True
e78f871abc362ddc08d6,True,True,True,False,False,False,True
e79f8819a7816e0830e1,True,True,True,False,False,False,True
e7a10d34868583e83c9a,True,False,False,False,False,False,True
e7c2db23d58cd9b67cc7,True,True,True,True,True,True,True
e7c3400cd7de23b96750,True,True,False,False,False,False,True
e81868fd0cdf0f6d497c,True,True,True,False,False,False,True
e89cb6718219ae7bdb19,True,True,True,True,True,True,True
e8a8e9e04bffadfaa36a,True,True,True,True,True,True,True
e8df58261d3252dd4bea,True,True,True,False,False,False,True
e8f925511b5dafd808bf,True,True,False,True,True,False,True
e8fd1b726a45babdfed2,True,True,False,True,True,True,True
e90e57efb045d9b0b904,True,True,False,False,False,False,True
e932afca42a53c36c0eb,True,True,False,True,True,True,True
e94aa1dbf367c50415d6,True,True,True,False,False,False,True
e94cfd3469cfb1ffbf6f,True,True,False,False,False,False,True
e9b1c0754e466cd6929b,True,True,True,True,True,True,True
ea162abd4a9fa119c96c,True,True,True,True,True,True,True
ea42c7ac63c94a7192ca,True,True,False,False,False,False,True
ea9053fd7702ffe9b248,True,True,True,True,True,True,True
eae908aaa03ea1f5ca02,True,True,False,True,True,False,True
eaeaaedcf1009a583b2d,True,True,True,False,False,False,True
eb0a4f6e0e569ed133e6,True,True,True,True,True,True,True
eb3753b0d58022b3be53,True,True,True,False,False,False,True
eb48326a2399557962c4,True,True,True,True,True,True,True
eb5d9387b540ea3fd168,True,True,True,True,True,True,True
eb6370c9c1a7cc1de0db,True,True,True,True,True,True,True
eb7bd758a7a6aa4d9f1b,True,True,True,True,True,True,True
eb8b8d029f71537e4548,True,True,True,False,False,False,True
ec20a781999315e09d6f,True,True,True,True,True,True,True
ec5ee8c85ad1515600e9,True,True,True,True,True,True,True
ecc9cb3ded4088eef1f2,True,True,True,False,False,False,True
eccc6a20abc3ab5f1059,True,True,True,True,True,True,True
eceb1dcf04b350e42b46,True,True,True,True,True,True,True
ecfc4e2e0f8c74204a55,True,True,False,False,False,False,True
ed20ebe8d7d242f2ed5d,True,True,True,False,False,False,True
ed3e090c57e2ac291da1,True,True,True,True,True,True,True
ed66f79f40dd32aabe33,True,True,True,True,True,True,True
ed95d6da4018715b4113,True,True,True,True,True,True,True
edacfcc3e7315acb3406,True,True,True,True,True,True,True
ee1ca44ab736614f2d8b,True,True,True,True,True,True,True
ee2719864020024523c0,True,True,True,False,False,False,True
ee3fb6c3777d50890cf5,True,True,True,False,False,False,True
ee7eb0ece5a0545960cf,True,True,True,True,True,True,True
eeca520caf48122a6612,True,True,True,False,False,False,True
eefc41f8e2a44c9649ca,True,True,True,True,True,True,True
ef22b1122604c47dfd08,True,True,False,False,False,False,True
ef84b8ed668aff55ce6a,True,True,True,True,True,True,True
efa7d0e99b670610a63c,True,True,True,True,True,True,True
efe21b87286224f17575,True,True,True,False,False,False,True
f03af52c7106214a9130,True,True,False,True,True,False,True
f05ee3b066a2c7c4c9ea,True,True,True,True,True,True,True
f07ceb79cab28099d79d,True,True,True,True,True,True,True
f0822c07116ce6da6369,True,True,True,False,False,False,True
f099ff8e68e06fc53272,True,True,True,False,False,False,True
f0c3a5c97250c3c5ddc2,True,True,False,False,False,False,True
f0d0b3660ff656042292,True,True,True,False,False,False,True
f0e386edef6e490e03cd,True,True,True,True,True,True,True
f141c2fdafc3a9e9e178,True,True,True,True,True,True,True
f14320a7fa6f4ddec5aa,True,True,True,True,True,True,True
f147a6247e6b02148a61,True,True,True,False,False,False,True
f1695e1f6aaf4037717f,True,True,True,True,True,True,True
f16a42c7c7b98faa1700,True,True,False,True,True,False,True
f1e26c8609c10c2854b2,True,True,False,True,True,False,True
f212e97bb2266bf5e985,True,True,False,True,True,False,True
f238cc6e254dbfedb0a5,True,True,True,True,True,True,True
f271c315098a15ea4ae6,True,True,True,True,True,True,True
f27392ddb60a598a0ffc,True,True,True,False,False,False,True
f2789d689c85a0051f77,True,True,True,True,True,True,True
f28efacd83129c146a2e,True,True,True,True,True,True,True
f29128791049617f8272,True,True,True,True,True,True,True
f2bd10afc2985b4e0604,True,True,True,False,False,False,True
f329771171bd932a8726,True,True,True,True,True,True,True
f34b45fd29e73fd9a4c4,True,True,True,True,True,True,True
f375b25e59b3bd866c31,True,True,True,False,False,False,True
f3bbc13afe5d5c99a668,True,True,True,True,True,True,True
f3e5fad97910498c870d,True,True,True,False,False,False,True
f45e43810e46fbae0ba3,True,True,True,False,False,False,True
f4a1281dae04986d7a29,True,True,True,True,True,True,True
f4b1cf1248d84021b717,True,True,True,True,True,True,True
f4c67d518347ecc16421,True,True,True,True,True,True,True
f4cc46cc45f18f3dd824,True,True,True,False,False,False,True
f4dba707c2517ab8fd88,True,True,True,True,True,True,True
f4df2c9198d98c9f47d8,True,True,True,True,True,True,True
f53b3a17db9d955aa826,True,True,True,True,True,True,True
f5bfab579a1000600c89,True,True,True,True,True,True,True
f64a20d6f6d3e6ed405c,True,True,True,True,True,True,True
f64c42817de401056a36,True,True,True,True,True,True,True
f653209d60751a4299ae,True,True,True,True,True,True,True
f67c39d7673f52e373fc,True,True,False,False,False,False,True
f6a76e94cb2842ea7a44,True,True,True,False,False,False,True
f6ca73ef3aec62dc84be,True,True,True,False,False,False,True
f6d299d5c15117e502f2,True,True,True,False,False,False,True
f762b8f2c273b487f6be,True,True,True,True,True,True,True
f79e3d6865c901e43cb9,True,True,True,False,False,False,True
f7b8aba93fdd18b1c734,True,True,True,True,True,True,True
f7e7453094ec5390aff5,True,True,True,False,False,False,True
f829ce52fd843d00df3c,True,True,True,False,False,False,True
f88cdf2a3cb0ec71918d,True,True,True,False,False,False,True
f88ce0ba0db16b5e72d7,True,True,False,False,False,False,True
f8a3727710873b4c6abe,True,True,False,True,True,False,True
f96fb520ffa0f41548f2,True,True,True,False,False,False,True
f9700d8018a91357f180,True,False,False,False,False,False,True
f976a02cc67e744edf7d,True,True,True,False,False,False,True
f97944f55961f2d22b77,True,True,True,True,True,True,True
f991d6cf74ce7fd591df,True,True,True,True,True,True,True
fa16208ad6d5a989d3f4,True,True,True,True,True,True,True
fa383e39dffdb745b538,True,True,True,False,False,False,True
fa5c87777e0e539665ae,True,True,True,False,False,False,True
fa604ae918577c52de41,True,True,False,False,False,False,True
fa96ef9428dcaf125db2,True,True,True,True,True,True,True
faabd947a51d544ac110,True,True,True,False,False,False,True
faf8b309fc61a14cd0c3,True,True,False,False,False,False,True
fb974a28197c71bb9c25,True,True,True,True,True,True,True
fbc8d120d4d4e5b7d0a0,True,True,True,False,False,False,True
fbc8d2f0f0559f9b4fba,True,True,True,True,True,True,True
fbe20054b50e27c4beb8,True,True,True,True,True,True,True
fc1bd7219c9bb016252b,True,True,True,False,False,False,True
fc576a71eb259e8a39a1,True,True,False,False,False,False,True
fc664e15067a1f67e2f5,True,True,False,False,False,False,True
fca6908afd9ce35c3b28,True,True,False,True,True,False,True
fcb6011e7afdd73777e5,True,True,True,True,True,True,True
fccc1efa8e64e63def79,True,True,True,True,True,True,True
fd1e29f5b1c1fe077010,True,True,True,True,True,True,True
fd34050a2a20399437a0,True,True,True,True,True,True,True
fd5d860f397007cd556e,True,True,False,True,True,False,True
fd70e0137d94d31acfdc,True,True,True,True,True,True,True
fd771e33065b54fe5db4,True,True,False,True,True,False,True
fd8c2ea66c84ee421944,True,True,False,True,True,False,True
fd9547d16656aafd3a85,True,True,True,True,True,True,True
fdeba8380f3ac6c249c4,True,True,True,False,False,False,True
fe03a41c9d8a693599e6,True,True,False,True,True,False,True
fe40f7e474b04c44e5fc,True,True,True,False,False,False,True
fe634ff4336920898b6a,True,True,True,False,False,False,True
fe69ff52f9b665c5ba9e,True,True,True,True,True,True,True
fe9b2af7e1c34c192515,True,True,False,False,False,False,True
fedca2655c2962fc78c4,True,True,True,True,True,True,True
ff44057599a12302b8c4,True,True,False,False,False,False,True
ff47c944aa73c9798f52,True,True,True,True,True,True,True
ff540d5f74e3b12745bc,True,True,True,False,False,False,True
ff9680e3770af0a2f71d,True,True,True,False,False,False,True
ffa26f761cacfa3b970e,True,True,True,True,True,True,True
ffa696e102ac34864f00,True,True,True,False,False,False,True
ffdb3d07a9de72cb57dd,True,True,True,True,True,True,True
ffe185115ee4245e3adb,True,True,True,True,True,True,True
ffe3fd7816be3df93fad,True,True,True,True,True,True,True
